{
    "epoch_loss": {
        "type": "index_value",
        "index": [
            1,
            2,
            3,
            4,
            5,
            6,
            7,
            8,
            9,
            10,
            11,
            12,
            13,
            14,
            15,
            16,
            17,
            18,
            19,
            20,
            21,
            22,
            23,
            24,
            25,
            26,
            27,
            28,
            29,
            30,
            31,
            32,
            33,
            34,
            35,
            36,
            37,
            38,
            39,
            40,
            41,
            42,
            43,
            44,
            45,
            46,
            47,
            48,
            49,
            50,
            51,
            52,
            53,
            54,
            55,
            56,
            57,
            58,
            59,
            60,
            61,
            62,
            63,
            64,
            65,
            66,
            67,
            68,
            69,
            70,
            71,
            72,
            73,
            74,
            75,
            76,
            77,
            78,
            79,
            80,
            81,
            82,
            83,
            84,
            85,
            86,
            87,
            88,
            89,
            90,
            91,
            92,
            93,
            94,
            95,
            96,
            97,
            98,
            99,
            100
        ],
        "value": [
            2.503536522925437,
            1.7361230936136332,
            1.2127141598108653,
            0.831252255955258,
            0.5770008526406847,
            0.436034008457854,
            0.29157099262014163,
            0.2063705678190197,
            0.1585497254723901,
            0.12679651305750683,
            0.0963708036788949,
            0.08519946065571932,
            0.08275550462909646,
            0.05786807234357069,
            0.044725118792271826,
            0.03536267937706397,
            0.03023810966594799,
            0.026457601436623582,
            0.0236344267991749,
            0.020101245375232654,
            0.018137875994717754,
            0.01220662715668614,
            0.01902454750830526,
            0.013744117524307053,
            0.014888571441039309,
            0.012834867949152852,
            0.010738210274359665,
            0.010111705114779709,
            0.009809339855302562,
            0.008439972585587352,
            0.008498451114539896,
            0.00694354831635415,
            0.00631368642060405,
            0.006609893034774441,
            0.006763151368579349,
            0.007169779964831767,
            0.0067120173333531565,
            0.005534146589369656,
            0.0054466005347602,
            0.005140105113471011,
            0.005394610312037371,
            0.004343076172779809,
            0.0041932719843546015,
            0.0037323349021240937,
            0.004626033961907163,
            0.005056190644265027,
            0.004230848056272612,
            0.0035616059384837345,
            0.00444100539174837,
            0.003276935673679586,
            0.0044989660613003885,
            0.002931947312275837,
            0.0030365389528441,
            0.0026146591334763143,
            0.0030422486104742363,
            0.002425764188136872,
            0.0026848562930182024,
            0.0025137376589784485,
            0.002254101860983012,
            0.0023376938660402556,
            0.002364856977569493,
            0.0021377603003235016,
            0.002204512302587564,
            0.00228194471423489,
            0.002135699184879929,
            0.002009217256600423,
            0.0019476796848581987,
            0.0016836357976284784,
            0.0017712021284308787,
            0.0018935988044685072,
            0.0016705226488747038,
            0.0017877808868515868,
            0.002144005745313726,
            0.0020307701265623976,
            0.001883097680973577,
            0.001540487330629247,
            0.0015179621106063998,
            0.0012964551061232414,
            0.0012121074570779194,
            0.0014900595530750113,
            0.0012850769908746352,
            0.0011313941832086457,
            0.0016079080481971571,
            0.0010470336833800953,
            0.0011316741216793522,
            0.0011247730969140928,
            0.0010294987975309293,
            0.0012724393588566297,
            0.0008801385615574749,
            0.001088265162842298,
            0.001031196364705023,
            0.001068492832715279,
            0.0010560065086276547,
            0.001017803924057532,
            0.0010345877884459253,
            0.0008763034664396499,
            0.0009467574486693551,
            0.0008187638852653001,
            0.0010199479555274855,
            0.0008486681303160416
        ]
    },
    "train_oa": {
        "type": "index_value",
        "index": [
            5,
            10,
            15,
            20,
            25,
            30,
            35,
            40,
            45,
            50,
            55,
            60,
            65,
            70,
            75,
            80,
            85,
            90,
            95,
            100
        ],
        "value": [
            83.14125446200919,
            93.86027536970933,
            95.77766445690973,
            95.68587455379908,
            95.47169811320755,
            96.05303416624172,
            96.29780724120347,
            95.97144314125447,
            95.93064762876084,
            96.10402855685875,
            96.0224375318715,
            96.1754207037226,
            96.0326364099949,
            96.15502294747577,
            96.11422743498214,
            96.29780724120347,
            96.09382967873535,
            96.13462519122896,
            96.3488016318205,
            96.30800611932688
        ]
    },
    "train_aa": {
        "type": "index_value",
        "index": [
            5,
            10,
            15,
            20,
            25,
            30,
            35,
            40,
            45,
            50,
            55,
            60,
            65,
            70,
            75,
            80,
            85,
            90,
            95,
            100
        ],
        "value": [
            88.35194679062478,
            96.23213601570497,
            96.73191864799139,
            97.23540074088442,
            97.1674421320887,
            97.38927333113384,
            97.53756175859081,
            97.26895615732988,
            97.39867014924137,
            97.45448121852051,
            97.38286906269931,
            97.51439392733755,
            97.43449500322146,
            97.4926866948662,
            97.42842124833267,
            97.5562838769735,
            97.36721422899484,
            97.47289744941212,
            97.58631653950607,
            97.58999229848762
        ]
    },
    "train_kappa": {
        "type": "index_value",
        "index": [
            5,
            10,
            15,
            20,
            25,
            30,
            35,
            40,
            45,
            50,
            55,
            60,
            65,
            70,
            75,
            80,
            85,
            90,
            95,
            100
        ],