{
    "epoch_loss": {
        "type": "index_value",
        "index": [
            1,
            2,
            3,
            4,
            5,
            6,
            7,
            8,
            9,
            10,
            11,
            12,
            13,
            14,
            15,
            16,
            17,
            18,
            19,
            20,
            21,
            22,
            23,
            24,
            25,
            26,
            27,
            28,
            29,
            30,
            31,
            32,
            33,
            34,
            35,
            36,
            37,
            38,
            39,
            40,
            41,
            42,
            43,
            44,
            45,
            46,
            47,
            48,
            49,
            50
        ],
        "value": [
            2.047916476814835,
            1.3964424186282687,
            1.0404335044048452,
            0.8182670818434821,
            0.6468132019042969,
            0.5499593394773977,
            0.41657880323904534,
            0.3376587730866891,
            0.2857293976677789,
            0.336263182648906,
            0.22771032198711677,
            0.17197211042598443,
            0.13437037578335514,
            0.19857575683682052,
            0.12645821974233346,
            0.12318334115876092,
            0.09473766480331068,
            0.07256294927663273,
            0.0567045815564968,
            0.047686297943194705,
            0.03941286186929102,
            0.037599345986489896,
            0.03341808600558175,
            0.05632321431680962,
            0.037165425441883226,
            0.04689972099882585,
            0.09724909287911875,
            0.07536779258538176,
            0.05740208200834416,
            0.06653489785061942,
            0.041918631863814816,
            0.04234473009904226,
            0.11896744723673221,
            0.15135518588401653,
            0.06341016993478492,
            0.07866311172644297,
            0.06140503883361816,
            0.05215206524288213,
            0.026579502735424924,
            0.021894415840506554,
            0.014622887010099712,
            0.014537875381884752,
            0.012510860783772336,
            0.012999085047178798,
            0.00592868719594898,
            0.02076109051014538,
            0.007836598420032748,
            0.012842253295497761,
            0.06001575226309123,
            0.041481058133973014
        ]
    },
    "train_oa": {
        "type": "index_value",
        "index": [
            50
        ],
        "value": [
            95.7253093680892
        ]
    },
    "train_aa": {
        "type": "index_value",
        "index": [
            50
        ],
        "value": [
            96.47443055941554
        ]
    },
    "train_kappa": {
        "type": "index_value",
        "index": [
            50
        ],
        "value": [
            94.37518414397505
        ]
    },
    "eval": {
        "classification": "                      precision    recall  f1-score   support\n\n             Asphalt     0.9589    0.9867    0.9726      6601\n             Meadows     0.9991    0.9485    0.9731     18619\n              Gravel     0.8740    0.9149    0.8940      2069\n               Trees     0.9801    0.9746    0.9774      3034\nPainted_metal_sheets     0.9992    1.0000    0.9996      1315\n           Bare_Soil     0.8476    0.9968    0.9162      4999\n             Bitumen     0.9789    1.0000    0.9893      1300\nSelf_Blocking_Bricks     0.9293    0.8634    0.8951      3652\n             Shadows     0.9744    0.9978    0.9860       917\n\n            accuracy                         0.9573     42506\n           macro avg     0.9491    0.9647    0.9559     42506\n        weighted avg     0.9604    0.9573    0.9577     42506\n",
        "oa": 95.7253093680892,
        "confusion": "[[ 6513     2     8     0     0     0    14    64     0]\n [    1 17660     0    57     0   894     0     0     7]\n [   16     0  1893     0     0     0     0   159     1]\n [   32     8     6  2957     0     0     0    15    16]\n [    0     0     0     0  1315     0     0     0     0]\n [    0     0     0     0     0  4983    14     2     0]\n [    0     0     0     0     0     0  1300     0     0]\n [  230     6   259     2     0     2     0  3153     0]\n [    0     0     0     1     1     0     0     0   915]]",
        "each_acc": "[ 98.66686866  94.84934744  91.49347511  97.46209624 100.\n  99.67993599 100.          86.33625411  99.78189749]",
        "aa": 96.47443055941554,
        "kappa": 94.37518414397505
    },
    "eval_time": 11.591904401779175,
    "param": {
        "data_PU": {
            "data_sign": "Pavia",
            "data_file": "Pavia_30_0",
            "patch_size": 15,
            "batch_size": 32,
            "num_classes": 9,
            "pca": 30,
            "spectral_size": 30,
            "random_rotate": true
        },
        "data_IP": {
            "data_sign": "Indian",
            "data_file": "Indian_30_2",
            "patch_size": 15,
            "batch_size": 32,
            "num_classes": 16,
            "pca": 200,
            "spectral_size": 200,
            "random_rotate": true
        },
        "data_HH": {
            "data_sign": "Honghu",
            "data_file": "Honghu_30_2",
            "patch_size": 15,
            "batch_size": 64,
            "num_classes": 22,
            "pca": 270,
            "spectral_size": 270,
            "random_rotate": true
        },
        "net": {
            "trainer": "convmamba",
            "depth": 4,
            "dim": 64,
            "kernal": 5,
            "padding": 2
        },
        "mamba": {
            "d_state": 24,
            "d_conv": 4,
            "expand": 1
        },
        "train": {
            "epochs": 50,
            "lr": 0.001,
            "weight_decay": 0
        },
        "data": {
            "data_sign": "Pavia",
            "data_file": "Pavia_30_0",
            "patch_size": 15,
            "batch_size": 32,
            "num_classes": 9,
            "pca": 30,
            "spectral_size": 30,
            "random_rotate": true
        }
    }
}