{
    "epoch_loss": {
        "type": "index_value",
        "index": [
            1,
            2,
            3,
            4,
            5,
            6,
            7,
            8,
            9,
            10,
            11,
            12,
            13,
            14,
            15,
            16,
            17,
            18,
            19,
            20,
            21,
            22,
            23,
            24,
            25,
            26,
            27,
            28,
            29,
            30,
            31,
            32,
            33,
            34,
            35,
            36,
            37,
            38,
            39,
            40,
            41,
            42,
            43,
            44,
            45,
            46,
            47,
            48,
            49,
            50,
            51,
            52,
            53,
            54,
            55,
            56,
            57,
            58,
            59,
            60,
            61,
            62,
            63,
            64,
            65,
            66,
            67,
            68,
            69,
            70,
            71,
            72,
            73,
            74,
            75,
            76,
            77,
            78,
            79,
            80,
            81,
            82,
            83,
            84,
            85,
            86,
            87,
            88,
            89,
            90,
            91,
            92,
            93,
            94,
            95,
            96,
            97,
            98,
            99,
            100
        ],
        "value": [
            2.1192505801165544,
            1.6512751826533565,
            1.2038790040545992,
            0.9186644668932314,
            0.741377325852712,
            0.5647111137708029,
            0.47446969350179036,
            0.41575862875691166,
            0.27266887978271204,
            0.20647901992003123,
            0.2124519321653578,
            0.17959665126270719,
            0.11928660306665632,
            0.15836245080939046,
            0.1568833723112389,
            0.11037653786716638,
            0.16060678429073758,
            0.15985031834355107,
            0.1330864214786777,
            0.10134338526814073,
            0.07991868665924778,
            0.12599145535517622,
            0.07895734609553108,
            0.045142520646806114,
            0.04931155735695804,
            0.04033715110962038,
            0.02844463018355546,
            0.05198495884736379,
            0.09918893531516747,
            0.2599525717949426,
            0.07325995282994377,
            0.08400356592955413,
            0.05572774057035093,
            0.035977284637866196,
            0.03776148342423969,
            0.06847105081434603,
            0.08820964981008458,
            0.06413355458665777,
            0.06731935011015998,
            0.09398554960886638,
            0.10988431501167792,
            0.0882613315626427,
            0.04415625993300367,
            0.048477903449976885,
            0.031064198524863633,
            0.03289704859532692,
            0.017181885049298958,
            0.023240293107099002,
            0.0255545181946622,
            0.03263279256169443,
            0.031782690928904,
            0.040829507716827924,
            0.04262177210163187,
            0.03889229732255141,
            0.028737965557310317,
            0.04727356160680453,
            0.03921726671633897,
            0.015672231769120252,
            0.018593435762105166,
            0.04496394655218831,
            0.014846776149891041,
            0.013993686734250298,
            0.016840489484645702,
            0.02062187118248807,
            0.008782677731856151,
            0.010781540473302206,
            0.006938818707648251,
            0.006123254662034688,
            0.011872818017447436,
            0.02137146183393068,
            0.007415531686058751,
            0.005903454021447234,
            0.006535919121018163,
            0.004033327288925648,
            0.0035185858814252746,
            0.004137216372139476,
            0.006062263326236495,
            0.004354554375081703,
            0.004513775660759873,
            0.004436948854062293,
            0.004237803182116261,
            0.011862683944680073,
            0.018443114141485206,
            0.05912264333003097,
            0.007931706585265971,
            0.00409084123869737,
            0.003900089208036661,
            0.005014990068351229,
            0.0030909480527043344,
            0.0033539516092450533,
            0.002295310031277714,
            0.0034658367814565144,
            0.002828853108264782,
            0.003050914355036285,
            0.005626581809311001,
            0.0025625987340592675,
            0.03306505111632524,
            0.0045418673608866,
            0.01556618497879417,
            0.015029736315072687
        ]
    },
    "train_oa": {
        "type": "index_value",
        "index": [
            5,
            10,
            15,
            20,
            25,
            30,
            35,
            40,
            45,
            50,
            55,
            60,
            65,
            70,
            75,
            80,
            85,
            90,
            95,
            100
        ],
        "value": [
            77.93487978167788,
            92.17757493059804,
            96.38168729120594,
            97.63798052039712,
            94.10200912812309,
            94.62193572672093,
            95.40300192913942,
            93.8691008328236,
            96.58401166894085,
            94.62428833576436,
            97.14863783936384,
            97.20980567449301,
            96.80515691902319,
            97.00512868771467,
            97.80736837152402,
            97.40977744318448,
            97.0474756504964,
            97.51093963205194,
            96.8216251823272,
            96.11584246929846
        ]
    },
    "train_aa": {
        "type": "index_value",
        "index": [
            5,
            10,
            15,
            20,
            25,
            30,
            35,
            40,
            45,
            50,
            55,
            60,
            65,
            70,
            75,
            80,
            85,
            90,
            95,
            100
        ],
        "value": [
            83.28093791636194,
            91.66820541213248,
            96.26784993478898,
            97.23101631768816,
            95.90220132116531,
            94.89426051305801,
            95.60454150702087,
            95.51621872995769,
            95.95751418984909,
            95.68932575694747,
            96.19912654045551,
            96.79306827665374,
            96.84155235138456,
            96.58345365986547,
            97.35995740009211,
            97.14820321954333,
            96.99672666663335,
            97.3542687117296,
            96.93869516634696,
            96.80931568253368
        ]
    },
    "train_kappa": {
        "type": "index_value",
        "index": [
            5,
            10,
            15,
            20,
            25,
            30,
            35,
            40,
            45,
            50,
            55,
            60,
            65,
            70,
            75,
            80,
            85,
            90,
            95,
            100
        ],