{
    "epoch_loss": {
        "type": "index_value",
        "index": [
            1,
            2,
            3,
            4,
            5,
            6,
            7,
            8,
            9,
            10,
            11,
            12,
            13,
            14,
            15,
            16,
            17,
            18,
            19,
            20,
            21,
            22,
            23,
            24,
            25,
            26,
            27,
            28,
            29,
            30,
            31,
            32,
            33,
            34,
            35,
            36,
            37,
            38,
            39,
            40,
            41,
            42,
            43,
            44,
            45,
            46,
            47,
            48,
            49,
            50
        ],
        "value": [
            2.0479099370815135,
            1.3965105577751442,
            1.0403039141937538,
            0.8182960889957569,
            0.6488148821724786,
            0.5402322093645732,
            0.46632058134785404,
            0.3761974822591852,
            0.3214124284408711,
            0.23281305619963893,
            0.19388323304829774,
            0.18035203141194803,
            0.1969860961591756,
            0.16998778352582897,
            0.19112525207025033,
            0.18277722155606305,
            0.13141154955934595,
            0.10607156466554712,
            0.12441843317614662,
            0.1263948792660678,
            0.1135055316819085,
            0.07313122936972866,
            0.04402621774761765,
            0.06215560728753054,
            0.06996662931309806,
            0.04740382072136358,
            0.06368183537765786,
            0.024580407156436532,
            0.0409581089599265,
            0.0310052296353711,
            0.022722416481486072,
            0.029999658506777552,
            0.02834094012225116,
            0.028755031360520256,
            0.042726596686299204,
            0.03487523325063564,
            0.054471340251189694,
            0.07702490047172264,
            0.03594455732791512,
            0.05271857496764925,
            0.09079668717803778,
            0.03845239927371343,
            0.021673570269787754,
            0.02927354450027148,
            0.017202419373724194,
            0.023128683561528172,
            0.011103807534608576,
            0.014423778163338149,
            0.034855850068507374,
            0.033748058640156633
        ]
    },
    "train_oa": {
        "type": "index_value",
        "index": [
            5,
            10,
            15,
            20,
            25,
            30,
            35,
            40,
            45,
            50
        ],
        "value": [
            79.87578224250694,
            94.16552957229568,
            94.89013315767187,
            94.09730391003623,
            89.34738625135275,
            96.1511316049499,
            95.18891450618736,
            95.35124453018398,
            94.0784830376888,
            96.00997506234414
        ]
    },
    "train_aa": {
        "type": "index_value",
        "index": [
            5,
            10,
            15,
            20,
            25,
            30,
            35,
            40,
            45,
            50
        ],
        "value": [
            81.09747995181745,
            95.37803939578001,
            94.24323623523274,
            92.52476762153863,
            94.2386749744394,
            96.5919065492741,
            95.20846315750445,
            95.42627084550233,
            95.52117350737075,
            96.02445010073126
        ]
    },
    "train_kappa": {
        "type": "index_value",
        "index": [
            5,
            10,
            15,
            20,
            25,
            30,
            35,
            40,
            45,
            50
        ],
        "value": [
            73.98347569511621,
            92.35671096169729,
            93.2403083730084,
            92.11031802975104,
            86.31055811574757,
            94.91868629612621,
            93.64577246483823,
            93.85882898982064,
            92.23213630399866,
            94.72544438953567
        ]
    },
    "eval": {
        "classification": "                      precision    recall  f1-score   support\n\n             Asphalt     0.9883    0.9599    0.9739      6601\n             Meadows     0.9938    0.9665    0.9800     18619\n              Gravel     0.8050    0.9560    0.8741      2069\n               Trees     0.9969    0.9532    0.9746      3034\nPainted_metal_sheets     1.0000    1.0000    1.0000      1315\n           Bare_Soil     0.8895    0.9984    0.9408      4999\n             Bitumen     0.9644    0.9992    0.9815      1300\nSelf_Blocking_Bricks     0.9205    0.8623    0.8904      3652\n             Shadows     0.9776    0.9978    0.9876       917\n\n            accuracy                         0.9615     42506\n           macro avg     0.9484    0.9659    0.9559     42506\n        weighted avg     0.9644    0.9615    0.9620     42506\n",
        "oa": 96.1511316049499,
        "confusion": "[[ 6336    39    16     2     0     0    39   169     0]\n [    0 17995     0     4     0   620     0     0     0]\n [    0     0  1978     0     0     0     0    91     0]\n [   46    58     6  2892     0     0     0    12    20]\n [    0     0     0     0  1315     0     0     0     0]\n [    0     0     0     0     0  4991     8     0     0]\n [    0     0     0     0     0     0  1299     0     1]\n [   29    15   456     3     0     0     0  3149     0]\n [    0     0     1     0     0     0     1     0   915]]",
        "each_acc": "[ 95.98545675  96.64858478  95.60173997  95.31970995 100.\n  99.83996799  99.92307692  86.22672508  99.78189749]",
        "aa": 96.5919065492741,
        "kappa": 94.91868629612621
    },
    "eval_time": 13.001210451126099,
    "param": {
        "data_PU": {
            "data_sign": "Pavia",
            "data_file": "Pavia_30_0",
            "patch_size": 15,
            "batch_size": 32,
            "num_classes": 9,
            "pca": 30,
            "spectral_size": 30,
            "random_rotate": true
        },
        "data_IP": {
            "data_sign": "Indian",
            "data_file": "Indian_30_2",
            "patch_size": 15,
            "batch_size": 32,
            "num_classes": 16,
            "pca": 200,
            "spectral_size": 200,
            "random_rotate": true
        },
        "data_HH": {
            "data_sign": "Honghu",
            "data_file": "Honghu_30_2",
            "patch_size": 15,
            "batch_size": 64,
            "num_classes": 22,
            "pca": 270,
            "spectral_size": 270,
            "random_rotate": true
        },
        "net": {
            "trainer": "convmamba",
            "depth": 4,
            "dim": 64,
            "kernal": 5,
            "padding": 2
        },
        "mamba": {
            "d_state": 24,
            "d_conv": 4,
            "expand": 1
        },
        "train": {
            "epochs": 50,
            "lr": 0.001,
            "weight_decay": 0
        },
        "data": {
            "data_sign": "Pavia",
            "data_file": "Pavia_30_0",
            "patch_size": 15,
            "batch_size": 32,
            "num_classes": 9,
            "pca": 30,
            "spectral_size": 30,
            "random_rotate": true
        }
    }
}