{
    "epoch_loss": {
        "type": "index_value",
        "index": [
            1,
            2,
            3,
            4,
            5,
            6,
            7,
            8,
            9,
            10,
            11,
            12,
            13,
            14,
            15,
            16,
            17,
            18,
            19,
            20,
            21,
            22,
            23,
            24,
            25,
            26,
            27,
            28,
            29,
            30,
            31,
            32,
            33,
            34,
            35,
            36,
            37,
            38,
            39,
            40,
            41,
            42,
            43,
            44,
            45,
            46,
            47,
            48,
            49,
            50
        ],
        "value": [
            2.047451624163875,
            1.3965011684982864,
            1.0380065869402002,
            0.8174740747169212,
            0.6468296823678193,
            0.553320375195256,
            0.4211212495962779,
            0.34105226552044904,
            0.2893064529807479,
            0.3327240272804543,
            0.22591104043854607,
            0.16731288135051728,
            0.13097866111331516,
            0.21012526391832917,
            0.13202053628585958,
            0.12194085871731794,
            0.09468936241335339,
            0.0699844422991629,
            0.05602349565812835,
            0.04663191421164407,
            0.0387438136946272,
            0.03698908962585308,
            0.036297187402292534,
            0.06631112253224408,
            0.05756731198893653,
            0.04985294869100606,
            0.09927070814150352,
            0.09389918413427141,
            0.06332524940371513,
            0.05369214691497661,
            0.03553719305329853,
            0.03216921808543029,
            0.10566414947862979,
            0.20690361504201535,
            0.076246313198849,
            0.06992093092865415,
            0.0725642109910647,
            0.02000800137994466,
            0.013986384709952055,
            0.012387582901175375,
            0.012538246393065762,
            0.012731338540712992,
            0.012512972361097734,
            0.01084421252210935,
            0.006586679757607204,
            0.008694983270295241,
            0.005141207258458491,
            0.007205586487220393,
            0.00834096998528198,
            0.013614330109622744
        ]
    },
    "train_oa": {
        "type": "index_value",
        "index": [
            50
        ],
        "value": [
            96.84750388180493
        ]
    },
    "train_aa": {
        "type": "index_value",
        "index": [
            50
        ],
        "value": [
            97.06941714140433
        ]
    },
    "train_kappa": {
        "type": "index_value",
        "index": [
            50
        ],
        "value": [
            95.83225036835017
        ]
    },
    "eval": {
        "classification": "                      precision    recall  f1-score   support\n\n             Asphalt     0.9923    0.9553    0.9734      6601\n             Meadows     0.9973    0.9787    0.9879     18619\n              Gravel     0.7956    0.9613    0.8707      2069\n               Trees     0.9939    0.9743    0.9840      3034\nPainted_metal_sheets     1.0000    1.0000    1.0000      1315\n           Bare_Soil     0.9290    0.9950    0.9609      4999\n             Bitumen     0.9782    1.0000    0.9890      1300\nSelf_Blocking_Bricks     0.9184    0.8727    0.8950      3652\n             Shadows     0.9786    0.9989    0.9887       917\n\n            accuracy                         0.9685     42506\n           macro avg     0.9537    0.9707    0.9611     42506\n        weighted avg     0.9707    0.9685    0.9689     42506\n",
        "oa": 96.84750388180493,
        "confusion": "[[ 6306     0    67     0     0     0    29   198     1]\n [    0 18223     0    16     0   379     0     0     1]\n [    1     0  1989     0     0     0     0    79     0]\n [   30    20     5  2956     0     0     0     5    18]\n [    0     0     0     0  1315     0     0     0     0]\n [    0    24     0     0     0  4974     0     1     0]\n [    0     0     0     0     0     0  1300     0     0]\n [   18     6   438     2     0     1     0  3187     0]\n [    0     0     1     0     0     0     0     0   916]]",
        "each_acc": "[ 95.53098015  97.87314034  96.13339778  97.42913645 100.\n  99.49989998 100.          87.26725082  99.89094875]",
        "aa": 97.06941714140433,
        "kappa": 95.83225036835017
    },
    "eval_time": 16.966535329818726,
    "param": {
        "data_PU": {
            "data_sign": "Pavia",
            "data_file": "Pavia_30_0",
            "patch_size": 15,
            "batch_size": 32,
            "num_classes": 9,
            "pca": 30,
            "spectral_size": 30,
            "random_rotate": true
        },
        "data_IP": {
            "data_sign": "Indian",
            "data_file": "Indian_30_2",
            "patch_size": 15,
            "batch_size": 32,
            "num_classes": 16,
            "pca": 200,
            "spectral_size": 200,
            "random_rotate": true
        },
        "data_HH": {
            "data_sign": "Honghu",
            "data_file": "Honghu_30_2",
            "patch_size": 15,
            "batch_size": 64,
            "num_classes": 22,
            "pca": 270,
            "spectral_size": 270,
            "random_rotate": true
        },
        "net": {
            "trainer": "convmamba",
            "depth": 4,
            "dim": 64,
            "kernal": 5,
            "padding": 2
        },
        "mamba": {
            "d_state": 24,
            "d_conv": 4,
            "expand": 1
        },
        "train": {
            "epochs": 50,
            "lr": 0.001,
            "weight_decay": 0
        },
        "data": {
            "data_sign": "Pavia",
            "data_file": "Pavia_30_0",
            "patch_size": 15,
            "batch_size": 32,
            "num_classes": 9,
            "pca": 30,
            "spectral_size": 30,
            "random_rotate": true
        }
    }
}