{
    "epoch_loss": {
        "type": "index_value",
        "index": [
            1,
            2,
            3,
            4,
            5,
            6,
            7,
            8,
            9,
            10,
            11,
            12,
            13,
            14,
            15,
            16,
            17,
            18,
            19,
            20,
            21,
            22,
            23,
            24,
            25,
            26,
            27,
            28,
            29,
            30,
            31,
            32,
            33,
            34,
            35,
            36,
            37,
            38,
            39,
            40,
            41,
            42,
            43,
            44,
            45,
            46,
            47,
            48,
            49,
            50,
            51,
            52,
            53,
            54,
            55,
            56,
            57,
            58,
            59,
            60,
            61,
            62,
            63,
            64,
            65,
            66,
            67,
            68,
            69,
            70,
            71,
            72,
            73,
            74,
            75,
            76,
            77,
            78,
            79,
            80,
            81,
            82,
            83,
            84,
            85,
            86,
            87,
            88,
            89,
            90,
            91,
            92,
            93,
            94,
            95,
            96,
            97,
            98,
            99,
            100
        ],
        "value": [
            2.0477080654214928,
            1.3964023872658058,
            1.0377097231370431,
            0.8168874431539465,
            0.6444183181833338,
            0.5411071278430798,
            0.4687351394582678,
            0.3721152643362681,
            0.3164253925835645,
            0.22804367972744835,
            0.19861637199366533,
            0.17294261554876963,
            0.20381498055325614,
            0.18229288246344638,
            0.18101690345340304,
            0.20332110457950167,
            0.14869336552090115,
            0.11733994980653127,
            0.10821916361649832,
            0.09330321887025127,
            0.0906478691984106,
            0.06238476749923494,
            0.05364907428070351,
            0.11640526972435139,
            0.09318945750042244,
            0.0593955477906598,
            0.06147672335306804,
            0.0450459276912389,
            0.05220260669787725,
            0.05483136748964036,
            0.034298431431805644,
            0.03388116442494922,
            0.06450450619061789,
            0.05082968517586037,
            0.0833953938688393,
            0.056013087569563476,
            0.03678547800691039,
            0.021798707158477218,
            0.02854190768191108,
            0.022340651463579247,
            0.014212917308840486,
            0.04464035968261736,
            0.014062593704848378,
            0.01272509496797014,
            0.01580411443417823,
            0.014004050498759305,
            0.01232781960732407,
            0.007038963530902509,
            0.009268451109528541,
            0.01019233790812669,
            0.019070125260838757,
            0.03187260958193629,
            0.02813628353178501,
            0.009597566309902402,
            0.013582133087846967,
            0.02650725911543877,
            0.012641594972875383,
            0.016675736817220847,
            0.011572545421896157,
            0.007060454744431708,
            0.007970593374705424,
            0.0041622665607266955,
            0.006430165083320053,
            0.01068583019077778,
            0.00376879435584501,
            0.005584422981849423,
            0.007706778894902931,
            0.00528805208288961,
            0.015643082500469904,
            0.012598319786290328,
            0.010501685485036837,
            0.0055269796746196575,
            0.03410061283244027,
            0.02782341280469188,
            0.006805489305406809,
            0.008467686797181765,
            0.007154326534105672,
            0.00784464915179544,
            0.010697273151190193,
            0.004394105570045886,
            0.022628842294216155,
            0.009783082331220308,
            0.011993770370328867,
            0.007797174252293728,
            0.012886907932934937,
            0.008575087730531339,
            0.014173680204139264,
            0.022560403965137622,
            0.025639712810516357,
            0.035518422032947895,
            0.019408403171433344,
            0.015218818463661053,
            0.06926795333209965,
            0.2571668426747675,
            0.0786259768737687,
            0.050885417591780426,
            0.04148546177893877,
            0.029174808242047826,
            0.039129065446279664,
            0.09087866509540213
        ]
    },
    "train_oa": {
        "type": "index_value",
        "index": [
            5,
            10,
            15,
            20,
            25,
            30,
            35,
            40,
            45,
            50,
            55,
            60,
            65,
            70,
            75,
            80,
            85,
            90,
            95,
            100
        ],
        "value": [
            80.43805580388651,
            92.36343104502893,
            95.76059850374065,
            96.33463511033736,
            90.46722815602504,
            95.82647155695666,
            95.20538276949137,
            96.6522373312003,
            95.90646026443326,
            97.4991765868348,
            95.98880158095328,
            97.17922175692844,
            96.41462381781396,
            95.8452924293041,
            94.90895403001929,
            96.85926692702208,
            97.143932621277,
            94.48548440220205,
            92.50223497859126,
            94.25492871594598
        ]
    },
    "train_aa": {
        "type": "index_value",
        "index": [
            5,
            10,
            15,
            20,
            25,
            30,
            35,
            40,
            45,
            50,
            55,
            60,
            65,
            70,
            75,
            80,
            85,
            90,
            95,
            100
        ],
        "value": [
            81.81418938697375,
            94.81697377146419,
            95.10147218160176,
            95.47368816882806,
            93.78368839339777,
            96.43445434181234,
            95.14850594658459,
            96.23625981156398,
            96.5916854454068,
            97.12007925228146,
            95.39400270217061,
            96.80805287191188,
            96.09234143020728,
            95.88932940567035,
            95.00545894896158,
            96.37288746867918,
            97.00767263867145,
            95.18237521249301,
            93.53417397587562,
            94.1545189747878
        ]
    },
    "train_kappa": {
        "type": "index_value",
        "index": [
            5,
            10,
            15,
            20,
            25,
            30,
            35,
            40,
            45,
            50,
            55,
            60,
            65,
            70,
            75,
            80,
            85,
            90,
            95,
            100
        ],