{
    "epoch_loss": {
        "type": "index_value",
        "index": [
            1,
            2,
            3,
            4,
            5,
            6,
            7,
            8,
            9,
            10,
            11,
            12,
            13,
            14,
            15,
            16,
            17,
            18,
            19,
            20,
            21,
            22,
            23,
            24,
            25,
            26,
            27,
            28,
            29,
            30,
            31,
            32,
            33,
            34,
            35,
            36,
            37,
            38,
            39,
            40,
            41,
            42,
            43,
            44,
            45,
            46,
            47,
            48,
            49,
            50
        ],
        "value": [
            2.047702110255206,
            1.3967628902859157,
            1.0386504235091032,
            0.8161489460203383,
            0.6457010935854028,
            0.5468599796295166,
            0.4169257777708548,
            0.3368520752147392,
            0.28673919041951496,
            0.33011306987868416,
            0.2285076086167936,
            0.16660823987589943,
            0.13220806044560893,
            0.14802281116997754,
            0.11642234427509485,
            0.11670131396364283,
            0.09785546318248466,
            0.07428495950169034,
            0.05749918881941725,
            0.051557295383126645,
            0.060571192729252356,
            0.054394816082936746,
            0.04467118915032457,
            0.0770744424175333,
            0.049662994620976626,
            0.05324315224532728,
            0.06362943268484539,
            0.03724845849253513,
            0.03343012324637837,
            0.024938981483379998,
            0.02171299813522233,
            0.03730004683688835,
            0.04579241938061184,
            0.0472765747319769,
            0.032493998469026,
            0.01938857372712206,
            0.017385215395026736,
            0.060753165137160704,
            0.08253912997466546,
            0.04477369456931397,
            0.024384982594185405,
            0.02633371866411633,
            0.03177892231830844,
            0.06041715917763887,
            0.05013135637122172,
            0.038452911101005696,
            0.030603914790683324,
            0.018896541572003454,
            0.019465863980628825,
            0.027355470149605363
        ]
    },
    "train_oa": {
        "type": "index_value",
        "index": [
            50
        ],
        "value": [
            96.17230508634074
        ]
    },
    "train_aa": {
        "type": "index_value",
        "index": [
            50
        ],
        "value": [
            96.19322817943629
        ]
    },
    "train_kappa": {
        "type": "index_value",
        "index": [
            50
        ],
        "value": [
            94.9344297163473
        ]
    },
    "eval": {
        "classification": "                      precision    recall  f1-score   support\n\n             Asphalt     0.9876    0.9171    0.9511      6601\n             Meadows     0.9933    0.9847    0.9890     18619\n              Gravel     0.7611    0.9483    0.8444      2069\n               Trees     0.9914    0.9486    0.9695      3034\nPainted_metal_sheets     1.0000    1.0000    1.0000      1315\n           Bare_Soil     0.9502    0.9840    0.9668      4999\n             Bitumen     0.9180    0.9992    0.9569      1300\nSelf_Blocking_Bricks     0.9081    0.8765    0.8920      3652\n             Shadows     0.9114    0.9989    0.9532       917\n\n            accuracy                         0.9617     42506\n           macro avg     0.9357    0.9619    0.9470     42506\n        weighted avg     0.9647    0.9617    0.9623     42506\n",
        "oa": 96.17230508634074,
        "confusion": "[[ 6054    19   182     0     0     0    84   192    70]\n [    0 18335     0    25     0   258     0     1     0]\n [    2     0  1962     0     0     0     0   105     0]\n [   55    55     4  2878     0     0     0    24    18]\n [    0     0     0     0  1315     0     0     0     0]\n [    0    47     0     0     0  4919    31     2     0]\n [    0     0     0     0     0     0  1299     0     1]\n [   19     2   429     0     0     0     1  3201     0]\n [    0     0     1     0     0     0     0     0   916]]",
        "each_acc": "[ 91.71337676  98.47467641  94.82841953  94.85827291 100.\n  98.39967994  99.92307692  87.65060241  99.89094875]",
        "aa": 96.19322817943629,
        "kappa": 94.9344297163473
    },
    "eval_time": 10.714176654815674,
    "param": {
        "data_PU": {
            "data_sign": "Pavia",
            "data_file": "Pavia_30_0",
            "patch_size": 15,
            "batch_size": 32,
            "num_classes": 9,
            "pca": 30,
            "spectral_size": 30,
            "random_rotate": true
        },
        "data_IP": {
            "data_sign": "Indian",
            "data_file": "Indian_30_2",
            "patch_size": 15,
            "batch_size": 32,
            "num_classes": 16,
            "pca": 200,
            "spectral_size": 200,
            "random_rotate": true
        },
        "data_HH": {
            "data_sign": "Honghu",
            "data_file": "Honghu_30_2",
            "patch_size": 15,
            "batch_size": 64,
            "num_classes": 22,
            "pca": 270,
            "spectral_size": 270,
            "random_rotate": true
        },
        "net": {
            "trainer": "convmamba",
            "depth": 4,
            "dim": 64,
            "kernal": 5,
            "padding": 2
        },
        "mamba": {
            "d_state": 24,
            "d_conv": 4,
            "expand": 1
        },
        "train": {
            "epochs": 50,
            "lr": 0.001,
            "weight_decay": 0
        },
        "data": {
            "data_sign": "Pavia",
            "data_file": "Pavia_30_0",
            "patch_size": 15,
            "batch_size": 32,
            "num_classes": 9,
            "pca": 30,
            "spectral_size": 30,
            "random_rotate": true
        }
    }
}