{
    "epoch_loss": {
        "type": "index_value",
        "index": [
            1,
            2,
            3,
            4,
            5,
            6,
            7,
            8,
            9,
            10,
            11,
            12,
            13,
            14,
            15,
            16,
            17,
            18,
            19,
            20,
            21,
            22,
            23,
            24,
            25,
            26,
            27,
            28,
            29,
            30,
            31,
            32,
            33,
            34,
            35,
            36,
            37,
            38,
            39,
            40,
            41,
            42,
            43,
            44,
            45,
            46,
            47,
            48,
            49,
            50,
            51,
            52,
            53,
            54,
            55,
            56,
            57,
            58,
            59,
            60,
            61,
            62,
            63,
            64,
            65,
            66,
            67,
            68,
            69,
            70,
            71,
            72,
            73,
            74,
            75,
            76,
            77,
            78,
            79,
            80,
            81,
            82,
            83,
            84,
            85,
            86,
            87,
            88,
            89,
            90,
            91,
            92,
            93,
            94,
            95,
            96,
            97,
            98,
            99,
            100
        ],
        "value": [
            1.7136528571446736,
            1.160555209936919,
            0.92021767033471,
            0.7474439492932072,
            0.5515845638734324,
            0.46676437501554136,
            0.45328184763590496,
            0.41476226029572666,
            0.3005284031232198,
            0.27611333727836607,
            0.2621604965792762,
            0.1938932666072139,
            0.16940949592325422,
            0.19617178947837263,
            0.1950760735957711,
            0.15586091644234126,
            0.13005650142828623,
            0.13137582827497413,
            0.08158021138774024,
            0.07805157530087012,
            0.06418735641572211,
            0.06171087821324666,
            0.09820381535424126,
            0.15063433084223005,
            0.08457155271812722,
            0.0923733201291826,
            0.11274675707574244,
            0.19113692972395155,
            0.15243288615235576,
            0.16404857988710755,
            0.1626154530931402,
            0.15495880555223535,
            0.19217810730139415,
            0.07661048350510774,
            0.058624440486784335,
            0.045799357188796554,
            0.05407706344569171,
            0.046758351019687124,
            0.03246241994892005,
            0.02495366156929069,
            0.034397236720003464,
            0.05867291722032759,
            0.03650213866322129,
            0.04027961129667582,
            0.04837661330346708,
            0.04196090676166393,
            0.039937366662478005,
            0.02571400848251802,
            0.03455055582302588,
            0.028579708540605174,
            0.012625872136818038,
            0.018789264145824644,
            0.022295852322821264,
            0.07907425178973763,
            0.11542018596772795,
            0.07699603901969063,
            0.044076005852332824,
            0.08186133056879044,
            0.03356113340015764,
            0.034437482997223184,
            0.049182481953391324,
            0.025060258088288483,
            0.025349521857720835,
            0.09226079076459562,
            0.0420131320754687,
            0.023435649386158695,
            0.04034543715555359,
            0.054601727094915176,
            0.06805888138435505,
            0.05852391424554366,
            0.04369285134253679,
            0.04345905239935274,
            0.04460002191502739,
            0.04063295490211911,
            0.08049600157472822,
            0.038750720106893115,
            0.03377132933172915,
            0.021406694815528614,
            0.017772366989541936,
            0.01037488329672703,
            0.008299427175963367,
            0.01152983870771196,
            0.006652619310275272,
            0.007114793625832708,
            0.007363734684056706,
            0.00549763869839134,
            0.004897735088511749,
            0.004678811846921841,
            0.00709588402123363,
            0.004684547941993784,
            0.0033744559036912743,
            0.006616725827808733,
            0.014939397918405357,
            0.007587832181404034,
            0.005294724184743784,
            0.004125952789628947,
            0.004200381156126106,
            0.004190606596293273,
            0.0029104808759358195,
            0.002141484274977335
        ]
    },
    "train_oa": {
        "type": "index_value",
        "index": [
            5,
            10,
            15,
            20,
            25,
            30,
            35,
            40,
            45,
            50,
            55,
            60,
            65,
            70,
            75,
            80,
            85,
            90,
            95,
            100
        ],
        "value": [
            89.79908718769116,
            91.32357784783325,
            93.05274549475368,
            96.41932903590082,
            93.772643862043,
            92.98451983249424,
            95.83352938408696,
            95.87117112878182,
            93.30212205335717,
            95.32066061261939,
            95.44770150096457,
            96.11348986025502,
            96.3205194560768,
            93.5703194843081,
            96.39815555450996,
            96.42403425398767,
            97.10629087658212,
            97.0239495600621,
            97.36978308944619,
            96.8616195360655
        ]
    },
    "train_aa": {
        "type": "index_value",
        "index": [
            5,
            10,
            15,
            20,
            25,
            30,
            35,
            40,
            45,
            50,
            55,
            60,
            65,
            70,
            75,
            80,
            85,
            90,
            95,
            100
        ],
        "value": [
            89.1364998277264,
            92.48174006261335,
            93.4910722809247,
            95.98227836163343,
            93.86881706995803,
            92.8238248734827,
            95.76314190870683,
            95.69669490115416,
            94.46322142600391,
            95.82090611405482,
            95.13840898248395,
            95.18280503402362,
            95.89460172170118,
            95.07034627795063,
            94.74099693902612,
            96.21701391049375,
            96.63008354694628,
            96.89221727948323,
            96.94209007886384,
            96.94582377162087
        ]
    },
    "train_kappa": {
        "type": "index_value",
        "index": [
            5,
            10,
            15,
            20,
            25,
            30,
            35,
            40,
            45,
            50,
            55,
            60,
            65,
            70,
            75,
            80,
            85,
            90,
            95,
            100
        ],