{
    "epoch_loss": {
        "type": "index_value",
        "index": [
            1,
            2,
            3,
            4,
            5,
            6,
            7,
            8,
            9,
            10,
            11,
            12,
            13,
            14,
            15,
            16,
            17,
            18,
            19,
            20,
            21,
            22,
            23,
            24,
            25,
            26,
            27,
            28,
            29,
            30,
            31,
            32,
            33,
            34,
            35,
            36,
            37,
            38,
            39,
            40,
            41,
            42,
            43,
            44,
            45,
            46,
            47,
            48,
            49,
            50
        ],
        "value": [
            2.047553123368157,
            1.395410262213813,
            1.0404367667657357,
            0.8164424083851002,
            0.6474331303879067,
            0.5504043605592516,
            0.4146402581974312,
            0.3370617040881404,
            0.2883040580484602,
            0.3295542805283158,
            0.22287990108684258,
            0.1618039047276532,
            0.1299943815778803,
            0.2038564369082451,
            0.1353083959332219,
            0.12727366608602028,
            0.10007751959341543,
            0.06787609427615449,
            0.057937737181782724,
            0.04613193088659534,
            0.037225642220841515,
            0.035850995227142614,
            0.03389691484195215,
            0.05898183680794857,
            0.057636789591224105,
            0.0556508915843787,
            0.07732193246483803,
            0.07014171318323524,
            0.05705192927960996,
            0.04147672661476665,
            0.05492287614831218,
            0.03696575904334033,
            0.07099513588128266,
            0.14164110852612388,
            0.06414463481417408,
            0.06301504815066303,
            0.04453680791236736,
            0.019340173086082494,
            0.018089129937881674,
            0.016314274376189267,
            0.040157506994351194,
            0.019519902324235,
            0.02049251128402021,
            0.01984753950878426,
            0.009581867881395199,
            0.015329857543110847,
            0.012641335582291639,
            0.020360178693577095,
            0.037383387430950446,
            0.05593296041091283
        ]
    },
    "train_oa": {
        "type": "index_value",
        "index": [
            50
        ],
        "value": [
            96.8216251823272
        ]
    },
    "train_aa": {
        "type": "index_value",
        "index": [
            50
        ],
        "value": [
            96.53041987195657
        ]
    },
    "train_kappa": {
        "type": "index_value",
        "index": [
            50
        ],
        "value": [
            95.79294161559541
        ]
    },
    "eval": {
        "classification": "                      precision    recall  f1-score   support\n\n             Asphalt     0.9821    0.9538    0.9677      6601\n             Meadows     0.9949    0.9805    0.9876     18619\n              Gravel     0.8770    0.8859    0.8815      2069\n               Trees     0.9911    0.9588    0.9747      3034\nPainted_metal_sheets     0.9977    1.0000    0.9989      1315\n           Bare_Soil     0.9339    0.9980    0.9649      4999\n             Bitumen     0.8862    1.0000    0.9396      1300\nSelf_Blocking_Bricks     0.9122    0.9162    0.9142      3652\n             Shadows     0.9849    0.9945    0.9897       917\n\n            accuracy                         0.9682     42506\n           macro avg     0.9511    0.9653    0.9576     42506\n        weighted avg     0.9692    0.9682    0.9684     42506\n",
        "oa": 96.8216251823272,
        "confusion": "[[ 6296    33    36     0     3     5   156    71     1]\n [    0 18255     0    18     0   346     0     0     0]\n [    2     0  1833     0     0     0     0   234     0]\n [   53    40     2  2909     0     0     0    17    13]\n [    0     0     0     0  1315     0     0     0     0]\n [    0    10     0     0     0  4989     0     0     0]\n [    0     0     0     0     0     0  1300     0     0]\n [   60    11   218     8     0     2     7  3346     0]\n [    0     0     1     0     0     0     4     0   912]]",
        "each_acc": "[ 95.37948796  98.04500779  88.59352344  95.88002637 100.\n  99.79995999 100.          91.62102957  99.45474373]",
        "aa": 96.53041987195657,
        "kappa": 95.79294161559541
    },
    "eval_time": 11.111633539199829,
    "param": {
        "data_PU": {
            "data_sign": "Pavia",
            "data_file": "Pavia_30_0",
            "patch_size": 15,
            "batch_size": 32,
            "num_classes": 9,
            "pca": 30,
            "spectral_size": 30,
            "random_rotate": true
        },
        "data_IP": {
            "data_sign": "Indian",
            "data_file": "Indian_30_2",
            "patch_size": 15,
            "batch_size": 32,
            "num_classes": 16,
            "pca": 200,
            "spectral_size": 200,
            "random_rotate": true
        },
        "data_HH": {
            "data_sign": "Honghu",
            "data_file": "Honghu_30_2",
            "patch_size": 15,
            "batch_size": 64,
            "num_classes": 22,
            "pca": 270,
            "spectral_size": 270,
            "random_rotate": true
        },
        "net": {
            "trainer": "convmamba",
            "depth": 4,
            "dim": 64,
            "kernal": 5,
            "padding": 2
        },
        "mamba": {
            "d_state": 24,
            "d_conv": 4,
            "expand": 1
        },
        "train": {
            "epochs": 50,
            "lr": 0.001,
            "weight_decay": 0
        },
        "data": {
            "data_sign": "Pavia",
            "data_file": "Pavia_30_0",
            "patch_size": 15,
            "batch_size": 32,
            "num_classes": 9,
            "pca": 30,
            "spectral_size": 30,
            "random_rotate": true
        }
    }
}