{
    "epoch_loss": {
        "type": "index_value",
        "index": [
            1,
            2,
            3,
            4,
            5,
            6,
            7,
            8,
            9,
            10,
            11,
            12,
            13,
            14,
            15,
            16,
            17,
            18,
            19,
            20,
            21,
            22,
            23,
            24,
            25,
            26,
            27,
            28,
            29,
            30,
            31,
            32,
            33,
            34,
            35,
            36,
            37,
            38,
            39,
            40,
            41,
            42,
            43,
            44,
            45,
            46,
            47,
            48,
            49,
            50
        ],
        "value": [
            2.047670104768541,
            1.396840645648815,
            1.0374826223761946,
            0.816732277252056,
            0.6460502068201701,
            0.5540986052265874,
            0.41750393200803687,
            0.33374103749239886,
            0.28502799537446766,
            0.33262452129964476,
            0.2345439170245771,
            0.18838236254674418,
            0.14430261629599112,
            0.13239191858856766,
            0.11100449479288525,
            0.1093669730204123,
            0.08462809109025532,
            0.0633607311933129,
            0.05397242197283992,
            0.04690919805456091,
            0.041388563480642106,
            0.04168787410965672,
            0.05666157793667581,
            0.07415189135957648,
            0.06434267179833518,
            0.07697978406040756,
            0.10691714159868382,
            0.046736013640960056,
            0.0593334569423287,
            0.06486253296887433,
            0.040223824205221956,
            0.05295293507752595,
            0.07331960399945577,
            0.10614669764483417,
            0.07887517280048795,
            0.07248664641821825,
            0.036898856748033455,
            0.01964363149470753,
            0.014465298334619514,
            0.014320575894305,
            0.011122838255983812,
            0.016394722765242613,
            0.029565274332546524,
            0.018677096124048585,
            0.01396458198626836,
            0.01797086629602644,
            0.02776034148754897,
            0.07749061402347353,
            0.05068737759634301,
            0.04604412813981374
        ]
    },
    "train_oa": {
        "type": "index_value",
        "index": [
            50
        ],
        "value": [
            96.78868865571918
        ]
    },
    "train_aa": {
        "type": "index_value",
        "index": [
            50
        ],
        "value": [
            96.38891370863922
        ]
    },
    "train_kappa": {
        "type": "index_value",
        "index": [
            50
        ],
        "value": [
            95.74010529986455
        ]
    },
    "eval": {
        "classification": "                      precision    recall  f1-score   support\n\n             Asphalt     0.9596    0.9847    0.9720      6601\n             Meadows     0.9894    0.9821    0.9858     18619\n              Gravel     0.8545    0.9338    0.8924      2069\n               Trees     0.9937    0.9308    0.9612      3034\nPainted_metal_sheets     0.9992    1.0000    0.9996      1315\n           Bare_Soil     0.9492    0.9860    0.9672      4999\n             Bitumen     0.9797    1.0000    0.9897      1300\nSelf_Blocking_Bricks     0.9279    0.8598    0.8926      3652\n             Shadows     0.9860    0.9978    0.9919       917\n\n            accuracy                         0.9679     42506\n           macro avg     0.9599    0.9639    0.9614     42506\n        weighted avg     0.9684    0.9679    0.9678     42506\n",
        "oa": 96.78868865571918,
        "confusion": "[[ 6500    24     0     0     0     0    17    60     0]\n [    0 18286     0    15     0   264     0    54     0]\n [   14     0  1932     0     0     0     0   123     0]\n [   95    99     1  2824     0     0     0     2    13]\n [    0     0     0     0  1315     0     0     0     0]\n [    0    55     0     0     0  4929    10     5     0]\n [    0     0     0     0     0     0  1300     0     0]\n [  165    17   327     3     0     0     0  3140     0]\n [    0     0     1     0     1     0     0     0   915]]",
        "each_acc": "[ 98.4699288   98.21150438  93.37844369  93.0784443  100.\n  98.59971994 100.          85.98028478  99.78189749]",
        "aa": 96.38891370863922,
        "kappa": 95.74010529986455
    },
    "eval_time": 10.551461696624756,
    "param": {
        "data_PU": {
            "data_sign": "Pavia",
            "data_file": "Pavia_30_0",
            "patch_size": 15,
            "batch_size": 32,
            "num_classes": 9,
            "pca": 30,
            "spectral_size": 30,
            "random_rotate": true
        },
        "data_IP": {
            "data_sign": "Indian",
            "data_file": "Indian_30_2",
            "patch_size": 15,
            "batch_size": 32,
            "num_classes": 16,
            "pca": 200,
            "spectral_size": 200,
            "random_rotate": true
        },
        "data_HH": {
            "data_sign": "Honghu",
            "data_file": "Honghu_30_2",
            "patch_size": 15,
            "batch_size": 64,
            "num_classes": 22,
            "pca": 270,
            "spectral_size": 270,
            "random_rotate": true
        },
        "net": {
            "trainer": "convmamba",
            "depth": 4,
            "dim": 64,
            "kernal": 5,
            "padding": 2
        },
        "mamba": {
            "d_state": 24,
            "d_conv": 4,
            "expand": 1
        },
        "train": {
            "epochs": 50,
            "lr": 0.001,
            "weight_decay": 0
        },
        "data": {
            "data_sign": "Pavia",
            "data_file": "Pavia_30_0",
            "patch_size": 15,
            "batch_size": 32,
            "num_classes": 9,
            "pca": 30,
            "spectral_size": 30,
            "random_rotate": true
        }
    }
}