{
    "epoch_loss": {
        "type": "index_value",
        "index": [
            1,
            2,
            3,
            4,
            5,
            6,
            7,
            8,
            9,
            10,
            11,
            12,
            13,
            14,
            15,
            16,
            17,
            18,
            19,
            20,
            21,
            22,
            23,
            24,
            25,
            26,
            27,
            28,
            29,
            30,
            31,
            32,
            33,
            34,
            35,
            36,
            37,
            38,
            39,
            40,
            41,
            42,
            43,
            44,
            45,
            46,
            47,
            48,
            49,
            50
        ],
        "value": [
            2.047605183389452,
            1.3976492766980773,
            1.0345358142146357,
            0.815981529377125,
            0.6481627927886116,
            0.5518321169747247,
            0.41956376874888385,
            0.33904839930710967,
            0.28950057051799916,
            0.3304098767262918,
            0.2223149022570363,
            0.16305830864994614,
            0.13027133168997587,
            0.2059309455531615,
            0.1351479646232393,
            0.1260302484035492,
            0.09974462417540726,
            0.06768512516110031,
            0.057624905777198296,
            0.05050032188495,
            0.04753623690318178,
            0.041980874648800605,
            0.038477697361398625,
            0.07037894405700543,
            0.053530604640642805,
            0.049002378075211135,
            0.060210095097621284,
            0.056657227018365154,
            0.0414632558270737,
            0.04540393603620706,
            0.020614314617382154,
            0.029048663267382868,
            0.06784972603674289,
            0.11508133543862237,
            0.05770527902576658,
            0.058740252146014464,
            0.04195658128570627,
            0.04401302500455468,
            0.022001161129662283,
            0.045719264447689055,
            0.028199999779462814,
            0.03552728549197868,
            0.028060761183776237,
            0.03333848223642066,
            0.01985885487800395,
            0.01401177484680105,
            0.009154507034906634,
            0.009884829715722137,
            0.007733238171096201,
            0.016615783285211634
        ]
    },
    "train_oa": {
        "type": "index_value",
        "index": [
            50
        ],
        "value": [
            96.22876770338306
        ]
    },
    "train_aa": {
        "type": "index_value",
        "index": [
            50
        ],
        "value": [
            96.706278835897
        ]
    },
    "train_kappa": {
        "type": "index_value",
        "index": [
            50
        ],
        "value": [
            95.02391236488683
        ]
    },
    "eval": {
        "classification": "                      precision    recall  f1-score   support\n\n             Asphalt     0.9932    0.9574    0.9750      6601\n             Meadows     0.9970    0.9683    0.9824     18619\n              Gravel     0.7543    0.9676    0.8478      2069\n               Trees     0.9956    0.9687    0.9820      3034\nPainted_metal_sheets     1.0000    1.0000    1.0000      1315\n           Bare_Soil     0.8949    1.0000    0.9445      4999\n             Bitumen     0.9985    0.9985    0.9985      1300\nSelf_Blocking_Bricks     0.9290    0.8453    0.8852      3652\n             Shadows     0.9839    0.9978    0.9908       917\n\n            accuracy                         0.9623     42506\n           macro avg     0.9496    0.9671    0.9562     42506\n        weighted avg     0.9665    0.9623    0.9631     42506\n",
        "oa": 96.22876770338306,
        "confusion": "[[ 6320     2   110     0     0     0     1   168     0]\n [    0 18028     0    11     0   580     0     0     0]\n [    0     2  2002     0     0     0     0    65     0]\n [   26    45     7  2939     0     0     0     3    14]\n [    0     0     0     0  1315     0     0     0     0]\n [    0     0     0     0     0  4999     0     0     0]\n [    1     0     0     0     0     0  1298     0     1]\n [   16     6   534     2     0     7     0  3087     0]\n [    0     0     1     0     0     0     1     0   915]]",
        "each_acc": "[ 95.74306923  96.82582308  96.76172064  96.86882004 100.\n 100.          99.84615385  84.52902519  99.78189749]",
        "aa": 96.706278835897,
        "kappa": 95.02391236488683
    },
    "eval_time": 17.11426043510437,
    "param": {
        "data_PU": {
            "data_sign": "Pavia",
            "data_file": "Pavia_30_0",
            "patch_size": 15,
            "batch_size": 32,
            "num_classes": 9,
            "pca": 30,
            "spectral_size": 30,
            "random_rotate": true
        },
        "data_IP": {
            "data_sign": "Indian",
            "data_file": "Indian_30_2",
            "patch_size": 15,
            "batch_size": 32,
            "num_classes": 16,
            "pca": 200,
            "spectral_size": 200,
            "random_rotate": true
        },
        "data_HH": {
            "data_sign": "Honghu",
            "data_file": "Honghu_30_2",
            "patch_size": 15,
            "batch_size": 64,
            "num_classes": 22,
            "pca": 270,
            "spectral_size": 270,
            "random_rotate": true
        },
        "net": {
            "trainer": "convmamba",
            "depth": 4,
            "dim": 64,
            "kernal": 5,
            "padding": 2
        },
        "mamba": {
            "d_state": 24,
            "d_conv": 4,
            "expand": 1
        },
        "train": {
            "epochs": 50,
            "lr": 0.001,
            "weight_decay": 0
        },
        "data": {
            "data_sign": "Pavia",
            "data_file": "Pavia_30_0",
            "patch_size": 15,
            "batch_size": 32,
            "num_classes": 9,
            "pca": 30,
            "spectral_size": 30,
            "random_rotate": true
        }
    }
}