{
    "epoch_loss": {
        "type": "index_value",
        "index": [
            1,
            2,
            3,
            4,
            5,
            6,
            7,
            8,
            9,
            10,
            11,
            12,
            13,
            14,
            15,
            16,
            17,
            18,
            19,
            20,
            21,
            22,
            23,
            24,
            25,
            26,
            27,
            28,
            29,
            30,
            31,
            32,
            33,
            34,
            35,
            36,
            37,
            38,
            39,
            40,
            41,
            42,
            43,
            44,
            45,
            46,
            47,
            48,
            49,
            50
        ],
        "value": [
            2.0476788370697587,
            1.396141371903596,
            1.0354911804199218,
            0.8156479001045227,
            0.6460675994555155,
            0.5509133202058297,
            0.4148210123733238,
            0.34009576152872156,
            0.2922950870460934,
            0.33913256680523907,
            0.22602865673877576,
            0.1728202211636084,
            0.13488279382387797,
            0.1334003688560592,
            0.11447577338527751,
            0.11077271412920069,
            0.09313740073530763,
            0.069216355184714,
            0.05582108476923572,
            0.04987961602983652,
            0.03736735989374143,
            0.03730414272458465,
            0.037178995239513894,
            0.05424169473074101,
            0.05363758818970786,
            0.044991934561619054,
            0.07459263062035595,
            0.0570646010891155,
            0.051196914635322714,
            0.06560394018888474,
            0.04675132223853359,
            0.0514557056956821,
            0.10835380984677209,
            0.17043301242369194,
            0.11753548990797114,
            0.06167478506211881,
            0.05020573762831865,
            0.028269961986828733,
            0.01939732266107091,
            0.013847457865873972,
            0.01219054817877434,
            0.012849247428002182,
            0.011161030049401301,
            0.00993881482217047,
            0.006276729561526466,
            0.015735468954813703,
            0.005849648577471574,
            0.0064565510109618855,
            0.008288442139962205,
            0.016876077789951253
        ]
    },
    "train_oa": {
        "type": "index_value",
        "index": [
            50
        ],
        "value": [
            96.71811038441632
        ]
    },
    "train_aa": {
        "type": "index_value",
        "index": [
            50
        ],
        "value": [
            96.99632109764944
        ]
    },
    "train_kappa": {
        "type": "index_value",
        "index": [
            50
        ],
        "value": [
            95.66089721476453
        ]
    },
    "eval": {
        "classification": "                      precision    recall  f1-score   support\n\n             Asphalt     0.9919    0.9412    0.9659      6601\n             Meadows     0.9949    0.9758    0.9852     18619\n              Gravel     0.8626    0.9348    0.8972      2069\n               Trees     0.9909    0.9641    0.9773      3034\nPainted_metal_sheets     1.0000    1.0000    1.0000      1315\n           Bare_Soil     0.9215    0.9984    0.9584      4999\n             Bitumen     0.9841    0.9992    0.9916      1300\nSelf_Blocking_Bricks     0.8820    0.9173    0.8993      3652\n             Shadows     0.9776    0.9989    0.9881       917\n\n            accuracy                         0.9672     42506\n           macro avg     0.9562    0.9700    0.9626     42506\n        weighted avg     0.9688    0.9672    0.9676     42506\n",
        "oa": 96.71811038441632,
        "confusion": "[[ 6213    27    25     0     0     0    19   316     1]\n [    0 18168     0    26     0   425     0     0     0]\n [    7     4  1934     0     0     0     0   124     0]\n [   36    47     2  2925     0     0     0     5    19]\n [    0     0     0     0  1315     0     0     0     0]\n [    0     3     0     0     0  4991     2     3     0]\n [    0     0     0     0     0     0  1299     0     1]\n [    8    13   280     1     0     0     0  3350     0]\n [    0     0     1     0     0     0     0     0   916]]",
        "each_acc": "[ 94.12210271  97.57774317  93.47510875  96.40738299 100.\n  99.83996799  99.92307692  91.7305586   99.89094875]",
        "aa": 96.99632109764944,
        "kappa": 95.66089721476453
    },
    "eval_time": 18.494855165481567,
    "param": {
        "data_PU": {
            "data_sign": "Pavia",
            "data_file": "Pavia_30_0",
            "patch_size": 15,
            "batch_size": 32,
            "num_classes": 9,
            "pca": 30,
            "spectral_size": 30,
            "random_rotate": true
        },
        "data_IP": {
            "data_sign": "Indian",
            "data_file": "Indian_30_2",
            "patch_size": 15,
            "batch_size": 32,
            "num_classes": 16,
            "pca": 200,
            "spectral_size": 200,
            "random_rotate": true
        },
        "data_HH": {
            "data_sign": "Honghu",
            "data_file": "Honghu_30_2",
            "patch_size": 15,
            "batch_size": 64,
            "num_classes": 22,
            "pca": 270,
            "spectral_size": 270,
            "random_rotate": true
        },
        "net": {
            "trainer": "convmamba",
            "depth": 4,
            "dim": 64,
            "kernal": 5,
            "padding": 2
        },
        "mamba": {
            "d_state": 24,
            "d_conv": 4,
            "expand": 1
        },
        "train": {
            "epochs": 50,
            "lr": 0.001,
            "weight_decay": 0
        },
        "data": {
            "data_sign": "Pavia",
            "data_file": "Pavia_30_0",
            "patch_size": 15,
            "batch_size": 32,
            "num_classes": 9,
            "pca": 30,
            "spectral_size": 30,
            "random_rotate": true
        }
    }
}