{
    "epoch_loss": {
        "type": "index_value",
        "index": [
            1,
            2,
            3,
            4,
            5,
            6,
            7,
            8,
            9,
            10,
            11,
            12,
            13,
            14,
            15,
            16,
            17,
            18,
            19,
            20,
            21,
            22,
            23,
            24,
            25,
            26,
            27,
            28,
            29,
            30,
            31,
            32,
            33,
            34,
            35,
            36,
            37,
            38,
            39,
            40,
            41,
            42,
            43,
            44,
            45,
            46,
            47,
            48,
            49,
            50
        ],
        "value": [
            2.0476573008078116,
            1.3971842218328405,
            1.0365433715007923,
            0.8150035853739138,
            0.6478255444102817,
            0.5516895479626126,
            0.4182183866147642,
            0.34177702400419446,
            0.2902305386684559,
            0.33036562977013767,
            0.22587940185158342,
            0.16669664438124057,
            0.13209047505149135,
            0.14619793941577275,
            0.11598265126899436,
            0.11587569570099866,
            0.09649853270362925,
            0.06729976863220886,
            0.053628058593582224,
            0.0450003353257974,
            0.03550024584487632,
            0.03791296145430317,
            0.039332460639653385,
            0.06305453032255173,
            0.059953444202740985,
            0.05703269734426781,
            0.06022271519457852,
            0.036373152556242766,
            0.04092622832567604,
            0.1442635294739847,
            0.06394804848564996,
            0.04980102305610975,
            0.07038585543632507,
            0.09829788616410008,
            0.07103120982646942,
            0.05430969833223908,
            0.041264341440465716,
            0.09120851653041663,
            0.021113304490292514,
            0.01866114160252942,
            0.024520689945805956,
            0.01763185527589586,
            0.02411844513758465,
            0.018025133455241166,
            0.008977605768099979,
            0.011896167254006421,
            0.005460151250439661,
            0.008299535005870792,
            0.035454976813936674,
            0.02708734014519939
        ]
    },
    "train_oa": {
        "type": "index_value",
        "index": [
            50
        ],
        "value": [
            96.64517950407001
        ]
    },
    "train_aa": {
        "type": "index_value",
        "index": [
            50
        ],
        "value": [
            96.57832319234817
        ]
    },
    "train_kappa": {
        "type": "index_value",
        "index": [
            50
        ],
        "value": [
            95.56155320361958
        ]
    },
    "eval": {
        "classification": "                      precision    recall  f1-score   support\n\n             Asphalt     0.9796    0.9809    0.9802      6601\n             Meadows     0.9954    0.9781    0.9867     18619\n              Gravel     0.7727    0.9580    0.8554      2069\n               Trees     0.9946    0.9661    0.9801      3034\nPainted_metal_sheets     1.0000    1.0000    1.0000      1315\n           Bare_Soil     0.9280    0.9924    0.9591      4999\n             Bitumen     0.9745    0.9992    0.9867      1300\nSelf_Blocking_Bricks     0.9465    0.8185    0.8778      3652\n             Shadows     0.9786    0.9989    0.9887       917\n\n            accuracy                         0.9665     42506\n           macro avg     0.9522    0.9658    0.9572     42506\n        weighted avg     0.9691    0.9665    0.9667     42506\n",
        "oa": 96.64517950407001,
        "confusion": "[[ 6475    12    16     0     0     0    14    84     0]\n [    7 18212     0    13     0   379     0     0     8]\n [    1     4  1982     0     0     0     0    82     0]\n [   41    44     4  2931     0     0     0     3    11]\n [    0     0     0     0  1315     0     0     0     0]\n [    0    19     0     0     0  4961    19     0     0]\n [    0     0     0     0     0     0  1299     0     1]\n [   86     5   562     3     0     6     1  2989     0]\n [    0     0     1     0     0     0     0     0   916]]",
        "each_acc": "[ 98.0911983   97.81406091  95.79507008  96.60514173 100.\n  99.23984797  99.92307692  81.84556407  99.89094875]",
        "aa": 96.57832319234817,
        "kappa": 95.56155320361958
    },
    "eval_time": 11.2539701461792,
    "param": {
        "data_PU": {
            "data_sign": "Pavia",
            "data_file": "Pavia_30_0",
            "patch_size": 15,
            "batch_size": 32,
            "num_classes": 9,
            "pca": 30,
            "spectral_size": 30,
            "random_rotate": true
        },
        "data_IP": {
            "data_sign": "Indian",
            "data_file": "Indian_30_2",
            "patch_size": 15,
            "batch_size": 32,
            "num_classes": 16,
            "pca": 200,
            "spectral_size": 200,
            "random_rotate": true
        },
        "data_HH": {
            "data_sign": "Honghu",
            "data_file": "Honghu_30_2",
            "patch_size": 15,
            "batch_size": 64,
            "num_classes": 22,
            "pca": 270,
            "spectral_size": 270,
            "random_rotate": true
        },
        "net": {
            "trainer": "convmamba",
            "depth": 4,
            "dim": 64,
            "kernal": 5,
            "padding": 2
        },
        "mamba": {
            "d_state": 24,
            "d_conv": 4,
            "expand": 1
        },
        "train": {
            "epochs": 50,
            "lr": 0.001,
            "weight_decay": 0
        },
        "data": {
            "data_sign": "Pavia",
            "data_file": "Pavia_30_0",
            "patch_size": 15,
            "batch_size": 32,
            "num_classes": 9,
            "pca": 30,
            "spectral_size": 30,
            "random_rotate": true
        }
    }
}