{
    "epoch_loss": {
        "type": "index_value",
        "index": [
            1,
            2,
            3,
            4,
            5,
            6,
            7,
            8,
            9,
            10,
            11,
            12,
            13,
            14,
            15,
            16,
            17,
            18,
            19,
            20,
            21,
            22,
            23,
            24,
            25,
            26,
            27,
            28,
            29,
            30,
            31,
            32,
            33,
            34,
            35,
            36,
            37,
            38,
            39,
            40,
            41,
            42,
            43,
            44,
            45,
            46,
            47,
            48,
            49,
            50,
            51,
            52,
            53,
            54,
            55,
            56,
            57,
            58,
            59,
            60,
            61,
            62,
            63,
            64,
            65,
            66,
            67,
            68,
            69,
            70,
            71,
            72,
            73,
            74,
            75,
            76,
            77,
            78,
            79,
            80,
            81,
            82,
            83,
            84,
            85,
            86,
            87,
            88,
            89,
            90,
            91,
            92,
            93,
            94,
            95,
            96,
            97,
            98,
            99,
            100
        ],
        "value": [
            2.0613769389964918,
            1.4659100700307774,
            1.0588541198659827,
            0.8334399232157954,
            0.641787479100404,
            0.5174722543469181,
            0.42096693471626,
            0.3640800579830452,
            0.30430921514829,
            0.2499126511591452,
            0.2501212877255899,
            0.17752925091319613,
            0.15855964631945998,
            0.1601454754670461,
            0.14775248925994944,
            0.14076197511619992,
            0.10490474921685677,
            0.10779554360994587,
            0.07785950612138819,
            0.07632764092198124,
            0.05390264085597462,
            0.04056070237248032,
            0.11002992126676771,
            0.10367484291394552,
            0.08233810728070913,
            0.0566029695449052,
            0.040975324906132836,
            0.09266183183149056,
            0.08959355679927049,
            0.054478623138533695,
            0.04918215793591958,
            0.028528801324190917,
            0.07190741093622313,
            0.06203679663163644,
            0.05941919954838576,
            0.05685041702731892,
            0.033757502116538864,
            0.023365365148142532,
            0.019832266805072624,
            0.013265083675031309,
            0.035163523808673575,
            0.029480085770289103,
            0.029401103683091977,
            0.013111120517607088,
            0.01490959839688407,
            0.026845867297163716,
            0.013886016186464716,
            0.009195118742408576,
            0.00887371583117379,
            0.011515522472284458,
            0.007851975507758282,
            0.007309007030670289,
            0.007581018366747432,
            0.0070312478200153065,
            0.007979013770818711,
            0.007231709388671098,
            0.005162067299156829,
            0.006742577723882816,
            0.004653296709336617,
            0.004202367089412831,
            0.006223023296506316,
            0.0054001813926906495,
            0.005428207686377896,
            0.006090489035058353,
            0.005209039758752893,
            0.002770818583667278,
            0.0030145578474427264,
            0.0036039609806957067,
            0.004120907794546198,
            0.002319725566647119,
            0.0023126078079696057,
            0.013937684024373691,
            0.08065816808353972,
            0.082308026265215,
            0.07019629094887662,
            0.049789267985357176,
            0.04516205124005124,
            0.020570982606322678,
            0.010575791669112664,
            0.019551826511613198,
            0.016882294766535914,
            0.03513890990504512,
            0.050539592053327295,
            0.033367499785014874,
            0.019215854712658458,
            0.016365139282963893,
            0.011144365487551247,
            0.029280550374339024,
            0.0053921941271120755,
            0.006483011658268946,
            0.0046314404863450264,
            0.0031981758428392586,
            0.006688227176804233,
            0.0028320137135408544,
            0.00401448624001609,
            0.003836400655132753,
            0.0024483578081277236,
            0.0020594618507419472,
            0.0026587953256374157,
            0.0012018852151447425
        ]
    },
    "train_oa": {
        "type": "index_value",
        "index": [
            5,
            10,
            15,
            20,
            25,
            30,
            35,
            40,
            45,
            50,
            55,
            60,
            65,
            70,
            75,
            80,
            85,
            90,
            95,
            100
        ],
        "value": [
            83.93168023337881,
            93.79146473439044,
            90.74954124123653,
            96.29228814755564,
            94.79367618689126,
            95.37947583870512,
            95.4100597562697,
            96.19818378581847,
            92.76807980049875,
            96.81691996424034,
            96.09937420599445,
            96.79104126476263,
            96.60047993224487,
            96.8216251823272,
            93.30447466240061,
            95.92292852773726,
            94.98659012845245,
            95.01246882793018,
            97.2168635016233,
            96.40991859972709
        ]
    },
    "train_aa": {
        "type": "index_value",
        "index": [
            5,
            10,
            15,
            20,
            25,
            30,
            35,
            40,
            45,
            50,
            55,
            60,
            65,
            70,
            75,
            80,
            85,
            90,
            95,
            100
        ],
        "value": [
            83.01310029723194,
            93.88174638001617,
            91.27241060995291,
            96.32506554792654,
            95.67849481583191,
            95.02571798682447,
            95.58016948066181,
            96.85958610843498,
            95.29698509889283,
            96.63824023952111,
            96.64788908117869,
            96.98591737349312,
            96.9742251122457,
            97.22317758716846,
            93.94619562331947,
            96.14425215380913,
            95.53640755765062,
            96.59829669485343,
            97.42926096181321,
            96.76942640249473
        ]
    },
    "train_kappa": {
        "type": "index_value",
        "index": [
            5,
            10,
            15,
            20,
            25,
            30,
            35,
            40,
            45,
            50,
            55,
            60,
            65,
            70,
            75,
            80,
            85,
            90,
            95,
            100
        ],