{
    "epoch_loss": {
        "type": "index_value",
        "index": [
            1,
            2,
            3,
            4,
            5,
            6,
            7,
            8,
            9,
            10,
            11,
            12,
            13,
            14,
            15,
            16,
            17,
            18,
            19,
            20,
            21,
            22,
            23,
            24,
            25,
            26,
            27,
            28,
            29,
            30,
            31,
            32,
            33,
            34,
            35,
            36,
            37,
            38,
            39,
            40,
            41,
            42,
            43,
            44,
            45,
            46,
            47,
            48,
            49,
            50,
            51,
            52,
            53,
            54,
            55,
            56,
            57,
            58,
            59,
            60,
            61,
            62,
            63,
            64,
            65,
            66,
            67,
            68,
            69,
            70,
            71,
            72,
            73,
            74,
            75,
            76,
            77,
            78,
            79,
            80,
            81,
            82,
            83,
            84,
            85,
            86,
            87,
            88,
            89,
            90,
            91,
            92,
            93,
            94,
            95,
            96,
            97,
            98,
            99,
            100
        ],
        "value": [
            1.7156179348627727,
            1.1491212588769417,
            0.9017605640270092,
            0.7356946759753757,
            0.5309443213321544,
            0.45947765001544244,
            0.43692413215283993,
            0.4188922921816508,
            0.3032269336559154,
            0.2795726799302631,
            0.25131334044315196,
            0.19582871816776418,
            0.15689756230071739,
            0.20027845214914392,
            0.2081110546986262,
            0.16161627659091243,
            0.14151394576938064,
            0.15803200883997812,
            0.0918442843136964,
            0.09700037367917873,
            0.07223193590287809,
            0.07873264705693281,
            0.09936627083354527,
            0.1381749869496734,
            0.07786882177547172,
            0.11372119298687687,
            0.10897851434570771,
            0.10414373212390476,
            0.06046738216170558,
            0.06789583188516123,
            0.07811912292683566,
            0.06857164717382855,
            0.07869330843289693,
            0.05629744827747345,
            0.029300319072273043,
            0.029214692819449637,
            0.03806775455121641,
            0.055704060831555616,
            0.05242235158328657,
            0.03371869104879874,
            0.07971791260082413,
            0.0977535957539523,
            0.1042955207603949,
            0.10971130833581642,
            0.06648469249959345,
            0.04188965995002676,
            0.030021223908773174,
            0.019882800768095035,
            0.023143976871614104,
            0.01674004876986146,
            0.00861932531827026,
            0.017234012194805675,
            0.028005138011994186,
            0.016213542509272143,
            0.08144884164686557,
            0.05342894251699801,
            0.03522459645238188,
            0.051236281047264735,
            0.0549842553558173,
            0.02186532826335342,
            0.05846350766994335,
            0.10762388783472555,
            0.05431945820649465,
            0.10342487031938853,
            0.07906325106267575,
            0.04494591476740661,
            0.04587941473280942,
            0.06505614706763514,
            0.08438118996995467,
            0.02482767656997398,
            0.026218989412127823,
            0.06969962484306759,
            0.08309096969250175,
            0.08216137676327318,
            0.059651215429659246,
            0.0874068491436817,
            0.03704096505211459,
            0.025238275155425073,
            0.04200471291939418,
            0.033664657755030525,
            0.03191184506372169,
            0.023548530925203252,
            0.019695649033895247,
            0.02575199399833326,
            0.010939364218049578,
            0.006938967526096989,
            0.00894417321930329,
            0.008504497080489441,
            0.006588692845845664,
            0.004268201318121067,
            0.003438009480359378,
            0.00506428055189274,
            0.006569192786183622,
            0.004301111441519526,
            0.003752894803053803,
            0.005560722264150778,
            0.004383410022732008,
            0.003489883530333086,
            0.0049924956841601266,
            0.033902483866377564
        ]
    },
    "train_oa": {
        "type": "index_value",
        "index": [
            5,
            10,
            15,
            20,
            25,
            30,
            35,
            40,
            45,
            50,
            55,
            60,
            65,
            70,
            75,
            80,
            85,
            90,
            95,
            100
        ],
        "value": [
            88.63689832023715,
            92.17286971251117,
            92.63162847597987,
            95.84293982026067,
            96.35110337364137,
            96.4263868630311,
            96.4828494800734,
            95.45946454618172,
            96.54872253328942,
            96.67105820354773,
            95.62885239730862,
            96.98160259728039,
            94.10200912812309,
            95.57003717122289,
            91.31416741165953,
            94.98659012845245,
            97.14158001223356,
            97.19804262927588,
            97.17451653884157,
            96.68046863972145
        ]
    },
    "train_aa": {
        "type": "index_value",
        "index": [
            5,
            10,
            15,
            20,
            25,
            30,
            35,
            40,
            45,
            50,
            55,
            60,
            65,
            70,
            75,
            80,
            85,
            90,
            95,
            100
        ],
        "value": [
            88.8875127442604,
            92.4717778806681,
            93.38871885150574,
            95.86911748680407,
            95.34263587789837,
            95.9508391968534,
            96.38714734754817,
            93.77561139244615,
            96.03181431875882,
            96.52850770276393,
            94.16136340074902,
            96.70726319328215,
            94.8469012702961,
            95.97280914068311,
            94.41035827336974,
            94.33733091442922,
            96.91846366933875,
            97.1167341204652,
            97.1820666537671,
            96.80799970587883
        ]
    },
    "train_kappa": {
        "type": "index_value",
        "index": [
            5,
            10,
            15,
            20,
            25,
            30,
            35,
            40,
            45,
            50,
            55,
            60,
            65,
            70,
            75,
            80,
            85,
            90,
            95,
            100
        ],