{
    "epoch_loss": {
        "type": "index_value",
        "index": [
            1,
            2,
            3,
            4,
            5,
            6,
            7,
            8,
            9,
            10,
            11,
            12,
            13,
            14,
            15,
            16,
            17,
            18,
            19,
            20,
            21,
            22,
            23,
            24,
            25,
            26,
            27,
            28,
            29,
            30,
            31,
            32,
            33,
            34,
            35,
            36,
            37,
            38,
            39,
            40,
            41,
            42,
            43,
            44,
            45,
            46,
            47,
            48,
            49,
            50,
            51,
            52,
            53,
            54,
            55,
            56,
            57,
            58,
            59,
            60,
            61,
            62,
            63,
            64,
            65,
            66,
            67,
            68,
            69,
            70,
            71,
            72,
            73,
            74,
            75,
            76,
            77,
            78,
            79,
            80,
            81,
            82,
            83,
            84,
            85,
            86,
            87,
            88,
            89,
            90,
            91,
            92,
            93,
            94,
            95,
            96,
            97,
            98,
            99,
            100
        ],
        "value": [
            2.047517606947157,
            1.3951630265624435,
            1.0357059368380794,
            0.8161385690724409,
            0.6454412778218587,
            0.5383123388996831,
            0.464138337859401,
            0.37100159172658564,
            0.31788961445843733,
            0.23225458165009816,
            0.2025657351370211,
            0.17797139320108626,
            0.2077874572188766,
            0.17406156973706352,
            0.15361302550192232,
            0.19922636305844343,
            0.15212246753551342,
            0.12165418962637584,
            0.10196849648599271,
            0.11305484495781086,
            0.11960443081679167,
            0.09419428148755321,
            0.05389703313509623,
            0.07448120707714999,
            0.0865032062486366,
            0.07875062072718585,
            0.09915158395413999,
            0.041946715668395716,
            0.051543963369396,
            0.04331606082894184,
            0.025976434405203218,
            0.047770362347364426,
            0.05066757599512736,
            0.029485456700678224,
            0.0369025893509388,
            0.0305772608353032,
            0.024760245283444723,
            0.05198993205472275,
            0.026186598471745298,
            0.03690282818343904,
            0.023091249864686417,
            0.026436411596282766,
            0.017913956705618787,
            0.02908492811990005,
            0.05536235348080044,
            0.02809737070153157,
            0.01429679893233158,
            0.006264986422050882,
            0.010763320216426142,
            0.0066216443354884785,
            0.009339174766231466,
            0.006912004502697124,
            0.023571117056740656,
            0.011618333834188956,
            0.018452400576185298,
            0.04542417366195608,
            0.03245307604471843,
            0.0199441516082044,
            0.023966799083131332,
            0.008869905521472295,
            0.02226954372944655,
            0.03188531015206266,
            0.022960467526206264,
            0.021288369761572945,
            0.0158119965793082,
            0.017079047844917684,
            0.022525125500504617,
            0.014407825621741789,
            0.05025919362626694,
            0.06028450111410132,
            0.055586107834069816,
            0.031296971716262674,
            0.10884261616954097,
            0.03598828332291709,
            0.04994192989888015,
            0.04513500824018761,
            0.019418952062174127,
            0.02991373152644546,
            0.02073949075959347,
            0.020085208000684227,
            0.018561631744658507,
            0.022270908386067108,
            0.013946504994399018,
            0.01842874610727584,
            0.012839227211144236,
            0.01246870479511994,
            0.011208932191409447,
            0.01466018805211341,
            0.011524166808360152,
            0.017506887377412232,
            0.03446543600272249,
            0.02767204023828661,
            0.026889421059577555,
            0.06831308139695061,
            0.041741887207522435,
            0.02180379022050787,
            0.023527585339077093,
            0.02230918953816096,
            0.016343863722350863,
            0.03773245860443071
        ]
    },
    "train_oa": {
        "type": "index_value",
        "index": [
            5,
            10,
            15,
            20,
            25,
            30,
            35,
            40,
            45,
            50,
            55,
            60,
            65,
            70,
            75,
            80,
            85,
            90,
            95,
            100
        ],
        "value": [
            80.35100926927963,
            92.33990495459464,
            96.32757728320708,
            93.46915729544064,
            78.10191502376135,
            94.9748270832353,
            96.08290594269045,
            95.73236719521951,
            94.53253658307062,
            97.23568437397073,
            96.06879028842987,
            96.34639815555451,
            96.06643767938644,
            95.5629793440926,
            95.37477062061826,
            95.09951536253706,
            96.59106949607114,
            95.11598362584107,
            96.25935162094763,
            89.89789676751518
        ]
    },
    "train_aa": {
        "type": "index_value",
        "index": [
            5,
            10,
            15,
            20,
            25,
            30,
            35,
            40,
            45,
            50,
            55,
            60,
            65,
            70,
            75,
            80,
            85,
            90,
            95,
            100
        ],
        "value": [
            81.84692306595963,
            94.79033727847424,
            96.13301414716479,
            91.63747648139352,
            90.58036519649251,
            95.78794433093069,
            96.3244718169564,
            95.32858050334053,
            96.33250092949773,
            96.7338020545889,
            96.35903481358554,
            96.40277232244424,
            95.18120020623884,
            95.9684828502468,
            95.74018146217801,
            96.30007076709934,
            97.02979820196538,
            95.94575080245284,
            96.66041083151885,
            95.20317101031063
        ]
    },
    "train_kappa": {
        "type": "index_value",
        "index": [
            5,
            10,
            15,
            20,
            25,
            30,
            35,
            40,
            45,
            50,
            55,
            60,
            65,
            70,
            75,
            80,
            85,
            90,
            95,
            100
        ],