{
    "epoch_loss": {
        "type": "index_value",
        "index": [
            1,
            2,
            3,
            4,
            5,
            6,
            7,
            8,
            9,
            10,
            11,
            12,
            13,
            14,
            15,
            16,
            17,
            18,
            19,
            20,
            21,
            22,
            23,
            24,
            25,
            26,
            27,
            28,
            29,
            30,
            31,
            32,
            33,
            34,
            35,
            36,
            37,
            38,
            39,
            40,
            41,
            42,
            43,
            44,
            45,
            46,
            47,
            48,
            49,
            50,
            51,
            52,
            53,
            54,
            55,
            56,
            57,
            58,
            59,
            60,
            61,
            62,
            63,
            64,
            65,
            66,
            67,
            68,
            69,
            70,
            71,
            72,
            73,
            74,
            75,
            76,
            77,
            78,
            79,
            80,
            81,
            82,
            83,
            84,
            85,
            86,
            87,
            88,
            89,
            90,
            91,
            92,
            93,
            94,
            95,
            96,
            97,
            98,
            99,
            100
        ],
        "value": [
            2.0760434327302155,
            1.6055336422390407,
            1.2682737527070223,
            0.9131724295792756,
            0.6649377491739061,
            0.5278143185156363,
            0.45924545879717227,
            0.36576828757921853,
            0.24547218680381774,
            0.2048649862960533,
            0.19883506231837803,
            0.19918997950024075,
            0.12375031466837283,
            0.14962692746409664,
            0.2048064496782091,
            0.18525673504228946,
            0.1395439406236013,
            0.1124252802795834,
            0.08161369429694282,
            0.05858845981182875,
            0.0710558347955898,
            0.043461789770258795,
            0.04919826929216032,
            0.04470594624678294,
            0.04716964835921923,
            0.06344535979959699,
            0.12346367515899517,
            0.1326478237355197,
            0.09606294146290532,
            0.09424170785480075,
            0.06513694045996224,
            0.03593930784198973,
            0.03490787289208836,
            0.01984886780243229,
            0.023482351667351194,
            0.028258107988922684,
            0.02445310299043302,
            0.028272424389918647,
            0.017477422097214947,
            0.053426501058318,
            0.02772450235982736,
            0.08035684647383513,
            0.057108553547274184,
            0.05921562283679291,
            0.04260732487395957,
            0.041588290215090466,
            0.02719659678362034,
            0.018607320332968677,
            0.09411312678345927,
            0.05463988971379068,
            0.03739997027096925,
            0.020090126260011283,
            0.02488830070252772,
            0.021189570730483092,
            0.017899192980042212,
            0.03426964794871984,
            0.02256085362147402,
            0.02241681472018913,
            0.014373033021197275,
            0.012158391265957445,
            0.011828969901910534,
            0.022155681680198068,
            0.01080816324317345,
            0.012456728079942641,
            0.008158033989645817,
            0.008348571222827391,
            0.005258002766856441,
            0.011424527165514451,
            0.031740250783386055,
            0.053229677870317745,
            0.040421466667343066,
            0.034008976265236184,
            0.0817177203518373,
            0.20791957615702242,
            0.14143485184069032,
            0.07421852559955032,
            0.09773992912636863,
            0.04911252365068153,
            0.05879282609180168,
            0.06570247621447951,
            0.03390381068543152,
            0.05398761685247774,
            0.029217163983870437,
            0.02012835658258862,
            0.03467848245744352,
            0.01206544878444186,
            0.008683983243449971,
            0.007184856274613628,
            0.007295802718511334,
            0.0050089986925875695,
            0.02108290855669313,
            0.00840822094016605,
            0.01390457196092164,
            0.017865489064543334,
            0.00873751792780779,
            0.01181371262366021,
            0.005763557863732179,
            0.006972789416020667,
            0.004561713957055299,
            0.012796952402115695
        ]
    },
    "train_oa": {
        "type": "index_value",
        "index": [
            5,
            10,
            15,
            20,
            25,
            30,
            35,
            40,
            45,
            50,
            55,
            60,
            65,
            70,
            75,
            80,
            85,
            90,
            95,
            100
        ],
        "value": [
            76.97266268291536,
            96.16995247729733,
            91.7870418293888,
            96.23347292146991,
            96.58165905989743,
            96.82868300945748,
            96.87102997223921,
            97.757963581612,
            96.01232767138757,
            95.6923728414812,
            97.55799181292053,
            97.16510610266786,
            97.34860960805534,
            95.43829106479085,
            88.21107608337645,
            96.08055333364702,
            97.3862513527502,
            97.20745306544958,
            96.81691996424034,
            96.72752082059003
        ]
    },
    "train_aa": {
        "type": "index_value",
        "index": [
            5,
            10,
            15,
            20,
            25,
            30,
            35,
            40,
            45,
            50,
            55,
            60,
            65,
            70,
            75,
            80,
            85,
            90,
            95,
            100
        ],
        "value": [
            81.97659368704235,
            95.8390340296085,
            90.53874953328292,
            96.13712957562726,
            95.7241763357402,
            95.16959232443712,
            97.09865698849379,
            97.62437614561583,
            94.93345594582503,
            95.47394087285413,
            96.85994940762413,
            96.84568222811608,
            96.76886314882415,
            96.12569998689833,
            92.85839219228791,
            95.69249207898984,
            96.92661560345124,
            96.98776885285183,
            96.2697280910976,
            96.36102106742341
        ]
    },
    "train_kappa": {
        "type": "index_value",
        "index": [
            5,
            10,
            15,
            20,
            25,
            30,
            35,
            40,
            45,
            50,
            55,
            60,
            65,
            70,
            75,
            80,
            85,
            90,
            95,
            100
        ],